"1","
"
"1","-"
"1","-"
"1","-"
"1","-"
"1","-"
"1","-"
"1","-"
"1","-"
"1","-"
"1","-"
"1","-"
"1","-"
"1","-"
"1","-"
"1","-"
"1","-"
"1","-"
"1","-"
"1","-"
"1","-"
"1","-"
"1","-"
"1","-"
"1","-"
"1","
"
"1",""
"1","Plot "
"1",""
"1","1"
"1",""
"1",": "
"1",""
"1","Reordered Matrix"
"1","
"
"1","-"
"1","-"
"1","-"
"1","-"
"1","-"
"1","-"
"1","-"
"1","-"
"1","-"
"1","-"
"1","-"
"1","-"
"1","-"
"1","-"
"1","-"
"1","-"
"1","-"
"1","-"
"1","-"
"1","-"
"1","-"
"1","-"
"1","-"
"1","-"
"1","

"
"1","
"
